1,bulbasaur,45,49,49,65,65,45,318,i
2,ivysaur,60,62,63,80,80,60,405,i
3,venusaur,80,82,83,100,100,80,525,i
4,charmander,39,52,43,60,50,65,309,i
5,charmeleon,58,64,58,80,65,80,405,i
6,charizard,78,84,78,109,85,100,534,i
7,squirtle,44,48,65,50,64,43,314,i
8,wartortle,59,63,80,65,80,58,405,i
9,blastoise,79,83,100,85,105,78,530,i
10,caterpie,45,30,35,20,20,45,195,i
11,metapod,50,20,55,25,25,30,205,i
12,butterfree,60,45,50,90,80,70,395,i
13,weedle,40,35,30,20,20,50,195,i
14,kakuna,45,25,50,25,25,35,205,i
15,beedrill,65,90,40,45,80,75,395,i
16,pidgey,40,45,40,35,35,56,251,i
17,pidgeotto,63,60,55,50,50,71,349,i
18,pidgeot,83,80,75,70,70,101,479,i
19,rattata,30,56,35,25,35,72,253,i
20,raticate,55,81,60,50,70,97,413,i
21,spearow,40,60,30,31,31,70,262,i
22,fearow,65,90,65,61,61,100,442,i
23,ekans,35,60,44,40,54,55,288,i
24,arbok,60,95,69,65,79,80,448,i
25,pikachu,35,55,40,50,50,90,320,i
26,raichu,60,90,55,90,80,110,485,i
27,sandshrew,50,75,85,20,30,40,300,i
28,sandslash,75,100,110,45,55,65,450,i
29,nidoran-f,55,47,52,40,40,41,275,i
30,nidorina,70,62,67,55,55,56,365,i
31,nidoqueen,90,92,87,75,85,76,505,i
32,nidoran-m,46,57,40,40,40,50,273,i
33,nidorino,61,72,57,55,55,65,365,i
34,nidoking,81,102,77,85,75,85,505,i
35,clefairy,70,45,48,60,65,35,323,i
36,clefable,95,70,73,95,90,60,483,i
37,vulpix,38,41,40,50,65,65,299,i
38,ninetales,73,76,75,81,100,100,505,i
39,jigglypuff,115,45,20,45,25,20,270,i
40,wigglytuff,140,70,45,85,50,45,435,i
41,zubat,40,45,35,30,40,55,245,i
42,golbat,75,80,70,65,75,90,455,i
43,oddish,45,50,55,75,65,30,320,i
44,gloom,60,65,70,85,75,40,395,i
45,vileplume,75,80,85,110,90,50,490,i
46,paras,35,70,55,45,55,25,285,i
47,parasect,60,95,80,60,80,30,405,i
48,venonat,60,55,50,40,55,45,305,i
49,venomoth,70,65,60,90,75,90,450,i
50,diglett,10,55,25,35,45,95,265,i
51,dugtrio,35,100,50,50,70,120,425,i
52,meowth,40,45,35,40,40,90,290,i
53,persian,65,70,60,65,65,115,440,i
54,psyduck,50,52,48,65,50,55,320,i
55,golduck,80,82,78,95,80,85,500,i
56,mankey,40,80,35,35,45,70,305,i
57,primeape,65,105,60,60,70,95,455,i
58,growlithe,55,70,45,70,50,60,350,i
59,arcanine,90,110,80,100,80,95,555,i
60,poliwag,40,50,40,40,40,90,300,i
61,poliwhirl,65,65,65,50,50,90,385,i
62,poliwrath,90,95,95,70,90,70,510,i
63,abra,25,20,15,105,55,90,310,i
64,kadabra,40,35,30,120,70,105,400,i
65,alakazam,55,50,45,135,95,120,500,i
66,machop,70,80,50,35,35,35,305,i
67,machoke,80,100,70,50,60,45,405,i
68,machamp,90,130,80,65,85,55,505,i
69,bellsprout,50,75,35,70,30,40,300,i
70,weepinbell,65,90,50,85,45,55,390,i
71,victreebel,80,105,65,100,70,70,490,i
72,tentacool,40,40,35,50,100,70,335,i
73,tentacruel,80,70,65,80,120,100,515,i
74,geodude,40,80,100,30,30,20,300,i
75,graveler,55,95,115,45,45,35,390,i
76,golem,80,120,130,55,65,45,495,i
77,ponyta,50,85,55,65,65,90,410,i
78,rapidash,65,100,70,80,80,105,500,i
79,slowpoke,90,65,65,40,40,15,315,i
80,slowbro,95,75,110,100,80,30,490,i
81,magnemite,25,35,70,95,55,45,325,i
82,magneton,50,60,95,120,70,70,465,i
83,farfetchd,52,90,55,58,62,60,377,i
84,doduo,35,85,45,35,35,75,310,i
85,dodrio,60,110,70,60,60,110,470,i
86,seel,65,45,55,45,70,45,325,i
87,dewgong,90,70,80,70,95,70,475,i
88,grimer,80,80,50,40,50,25,325,i
89,muk,105,105,75,65,100,50,500,i
90,shellder,30,65,100,45,25,40,305,i
91,cloyster,50,95,180,85,45,70,525,i
92,gastly,30,35,30,100,35,80,310,i
93,haunter,45,50,45,115,55,95,405,i
94,gengar,60,65,60,130,75,110,500,i
95,onix,35,45,160,30,45,70,385,i
96,drowzee,60,48,45,43,90,42,328,i
97,hypno,85,73,70,73,115,67,483,i
98,krabby,30,105,90,25,25,50,325,i
99,kingler,55,130,115,50,50,75,475,i
100,voltorb,40,30,50,55,55,100,330,i
101,electrode,60,50,70,80,80,150,490,i
102,exeggcute,60,40,80,60,45,40,325,i
103,exeggutor,95,95,85,125,75,55,530,i
104,cubone,50,50,95,40,50,35,320,i
105,marowak,60,80,110,50,80,45,425,i
106,hitmonlee,50,120,53,35,110,87,455,i
107,hitmonchan,50,105,79,35,110,76,455,i
108,lickitung,90,55,75,60,75,30,385,i
109,koffing,40,65,95,60,45,35,340,i
110,weezing,65,90,120,85,70,60,490,i
111,rhyhorn,80,85,95,30,30,25,345,i
112,rhydon,105,130,120,45,45,40,485,i
113,chansey,250,5,5,35,105,50,450,i
114,tangela,65,55,115,100,40,60,435,i
115,kangaskhan,105,95,80,40,80,90,490,i
116,horsea,30,40,70,70,25,60,295,i
117,seadra,55,65,95,95,45,85,440,i
118,goldeen,45,67,60,35,50,63,320,i
119,seaking,80,92,65,65,80,68,450,i
120,staryu,30,45,55,70,55,85,340,i
121,starmie,60,75,85,100,85,115,520,i
122,mr-mime,40,45,65,100,120,90,460,i
123,scyther,70,110,80,55,80,105,500,i
124,jynx,65,50,35,115,95,95,455,i
125,electabuzz,65,83,57,95,85,105,490,i
126,magmar,65,95,57,100,85,93,495,i
127,pinsir,65,125,100,55,70,85,500,i
128,tauros,75,100,95,40,70,110,490,i
129,magikarp,20,10,55,15,20,80,200,i
130,gyarados,95,125,79,60,100,81,540,i
131,lapras,130,85,80,85,95,60,535,i
132,ditto,48,48,48,48,48,48,288,i
133,eevee,55,55,50,45,65,55,325,i
134,vaporeon,130,65,60,110,95,65,525,i
135,jolteon,65,65,60,110,95,130,525,i
136,flareon,65,130,60,95,110,65,525,i
137,porygon,65,60,70,85,75,40,395,i
138,omanyte,35,40,100,90,55,35,355,i
139,omastar,70,60,125,115,70,55,495,i
140,kabuto,30,80,90,55,45,55,355,i
141,kabutops,60,115,105,65,70,80,495,i
142,aerodactyl,80,105,65,60,75,130,515,i
143,snorlax,160,110,65,65,110,30,540,i
144,articuno,90,85,100,95,125,85,580,i
145,zapdos,90,90,85,125,90,100,580,i
146,moltres,90,100,90,125,85,90,580,i
147,dratini,41,64,45,50,50,50,300,i
148,dragonair,61,84,65,70,70,70,420,i
149,dragonite,91,134,95,100,100,80,600,i
150,mewtwo,106,110,90,154,90,130,680,i
151,mew,100,100,100,100,100,100,600,i
152,chikorita,45,49,65,49,65,45,318,ii
153,bayleef,60,62,80,63,80,60,405,ii
154,meganium,80,82,100,83,100,80,525,ii
155,cyndaquil,39,52,43,60,50,65,309,ii
156,quilava,58,64,58,80,65,80,405,ii
157,typhlosion,78,84,78,109,85,100,534,ii
158,totodile,50,65,64,44,48,43,314,ii
159,croconaw,65,80,80,59,63,58,405,ii
160,feraligatr,85,105,100,79,83,78,530,ii
161,sentret,35,46,34,35,45,20,215,ii
162,furret,85,76,64,45,55,90,415,ii
163,hoothoot,60,30,30,36,56,50,262,ii
164,noctowl,100,50,50,86,96,70,452,ii
165,ledyba,40,20,30,40,80,55,265,ii
166,ledian,55,35,50,55,110,85,390,ii
167,spinarak,40,60,40,40,40,30,250,ii
168,ariados,70,90,70,60,70,40,400,ii
169,crobat,85,90,80,70,80,130,535,ii
170,chinchou,75,38,38,56,56,67,330,ii
171,lanturn,125,58,58,76,76,67,460,ii
172,pichu,20,40,15,35,35,60,205,ii
173,cleffa,50,25,28,45,55,15,218,ii
174,igglybuff,90,30,15,40,20,15,210,ii
175,togepi,35,20,65,40,65,20,245,ii
176,togetic,55,40,85,80,105,40,405,ii
177,natu,40,50,45,70,45,70,320,ii
178,xatu,65,75,70,95,70,95,470,ii
179,mareep,55,40,40,65,45,35,280,ii
180,flaaffy,70,55,55,80,60,45,365,ii
181,ampharos,90,75,85,115,90,55,510,ii
182,bellossom,75,80,95,90,100,50,490,ii
183,marill,70,20,50,20,50,40,250,ii
184,azumarill,100,50,80,60,80,50,420,ii
185,sudowoodo,70,100,115,30,65,30,410,ii
186,politoed,90,75,75,90,100,70,500,ii
187,hoppip,35,35,40,35,55,50,250,ii
188,skiploom,55,45,50,45,65,80,340,ii
189,jumpluff,75,55,70,55,95,110,460,ii
190,aipom,55,70,55,40,55,85,360,ii
191,sunkern,30,30,30,30,30,30,180,ii
192,sunflora,75,75,55,105,85,30,425,ii
193,yanma,65,65,45,75,45,95,390,ii
194,wooper,55,45,45,25,25,15,210,ii
195,quagsire,95,85,85,65,65,35,430,ii
196,espeon,65,65,60,130,95,110,525,ii
197,umbreon,95,65,110,60,130,65,525,ii
198,murkrow,60,85,42,85,42,91,405,ii
199,slowking,95,75,80,100,110,30,490,ii
200,misdreavus,60,60,60,85,85,85,435,ii
201,unown,48,72,48,72,48,48,336,ii
202,wobbuffet,190,33,58,33,58,33,405,ii
203,girafarig,70,80,65,90,65,85,455,ii
204,pineco,50,65,90,35,35,15,290,ii
205,forretress,75,90,140,60,60,40,465,ii
206,dunsparce,100,70,70,65,65,45,415,ii
207,gligar,65,75,105,35,65,85,430,ii
208,steelix,75,85,200,55,65,30,510,ii
209,snubbull,60,80,50,40,40,30,300,ii
210,granbull,90,120,75,60,60,45,450,ii
211,qwilfish,65,95,85,55,55,85,440,ii
212,scizor,70,130,100,55,80,65,500,ii
213,shuckle,20,10,230,10,230,5,505,ii
214,heracross,80,125,75,40,95,85,500,ii
215,sneasel,55,95,55,35,75,115,430,ii
216,teddiursa,60,80,50,50,50,40,330,ii
217,ursaring,90,130,75,75,75,55,500,ii
218,slugma,40,40,40,70,40,20,250,ii
219,magcargo,60,50,120,90,80,30,430,ii
220,swinub,50,50,40,30,30,50,250,ii
221,piloswine,100,100,80,60,60,50,450,ii
222,corsola,65,55,95,65,95,35,410,ii
223,remoraid,35,65,35,65,35,65,300,ii
224,octillery,75,105,75,105,75,45,480,ii
225,delibird,45,55,45,65,45,75,330,ii
226,mantine,85,40,70,80,140,70,485,ii
227,skarmory,65,80,140,40,70,70,465,ii
228,houndour,45,60,30,80,50,65,330,ii
229,houndoom,75,90,50,110,80,95,500,ii
230,kingdra,75,95,95,95,95,85,540,ii
231,phanpy,90,60,60,40,40,40,330,ii
232,donphan,90,120,120,60,60,50,500,ii
233,porygon2,85,80,90,105,95,60,515,ii
234,stantler,73,95,62,85,65,85,465,ii
235,smeargle,55,20,35,20,45,75,250,ii
236,tyrogue,35,35,35,35,35,35,210,ii
237,hitmontop,50,95,95,35,110,70,455,ii
238,smoochum,45,30,15,85,65,65,305,ii
239,elekid,45,63,37,65,55,95,360,ii
240,magby,45,75,37,70,55,83,365,ii
241,miltank,95,80,105,40,70,100,490,ii
242,blissey,255,10,10,75,135,55,540,ii
243,raikou,90,85,75,115,100,115,580,ii
244,entei,115,115,85,90,75,100,580,ii
245,suicune,100,75,115,90,115,85,580,ii
246,larvitar,50,64,50,45,50,41,300,ii
247,pupitar,70,84,70,65,70,51,410,ii
248,tyranitar,100,134,110,95,100,61,600,ii
249,lugia,106,90,130,90,154,110,680,ii
250,ho-oh,106,130,90,110,154,90,680,ii
251,celebi,100,100,100,100,100,100,600,ii
252,treecko,40,45,35,65,55,70,310,iii
253,grovyle,50,65,45,85,65,95,405,iii
254,sceptile,70,85,65,105,85,120,530,iii
255,torchic,45,60,40,70,50,45,310,iii
256,combusken,60,85,60,85,60,55,405,iii
257,blaziken,80,120,70,110,70,80,530,iii
258,mudkip,50,70,50,50,50,40,310,iii
259,marshtomp,70,85,70,60,70,50,405,iii
260,swampert,100,110,90,85,90,60,535,iii
261,poochyena,35,55,35,30,30,35,220,iii
262,mightyena,70,90,70,60,60,70,420,iii
263,zigzagoon,38,30,41,30,41,60,240,iii
264,linoone,78,70,61,50,61,100,420,iii
265,wurmple,45,45,35,20,30,20,195,iii
266,silcoon,50,35,55,25,25,15,205,iii
267,beautifly,60,70,50,100,50,65,395,iii
268,cascoon,50,35,55,25,25,15,205,iii
269,dustox,60,50,70,50,90,65,385,iii
270,lotad,40,30,30,40,50,30,220,iii
271,lombre,60,50,50,60,70,50,340,iii
272,ludicolo,80,70,70,90,100,70,480,iii
273,seedot,40,40,50,30,30,30,220,iii
274,nuzleaf,70,70,40,60,40,60,340,iii
275,shiftry,90,100,60,90,60,80,480,iii
276,taillow,40,55,30,30,30,85,270,iii
277,swellow,60,85,60,75,50,125,455,iii
278,wingull,40,30,30,55,30,85,270,iii
279,pelipper,60,50,100,95,70,65,440,iii
280,ralts,28,25,25,45,35,40,198,iii
281,kirlia,38,35,35,65,55,50,278,iii
282,gardevoir,68,65,65,125,115,80,518,iii
283,surskit,40,30,32,50,52,65,269,iii
284,masquerain,70,60,62,100,82,80,454,iii
285,shroomish,60,40,60,40,60,35,295,iii
286,breloom,60,130,80,60,60,70,460,iii
287,slakoth,60,60,60,35,35,30,280,iii
288,vigoroth,80,80,80,55,55,90,440,iii
289,slaking,150,160,100,95,65,100,670,iii
290,nincada,31,45,90,30,30,40,266,iii
291,ninjask,61,90,45,50,50,160,456,iii
292,shedinja,1,90,45,30,30,40,236,iii
293,whismur,64,51,23,51,23,28,240,iii
294,loudred,84,71,43,71,43,48,360,iii
295,exploud,104,91,63,91,73,68,490,iii
296,makuhita,72,60,30,20,30,25,237,iii
297,hariyama,144,120,60,40,60,50,474,iii
298,azurill,50,20,40,20,40,20,190,iii
299,nosepass,30,45,135,45,90,30,375,iii
300,skitty,50,45,45,35,35,50,260,iii
301,delcatty,70,65,65,55,55,90,400,iii
302,sableye,50,75,75,65,65,50,380,iii
303,mawile,50,85,85,55,55,50,380,iii
304,aron,50,70,100,40,40,30,330,iii
305,lairon,60,90,140,50,50,40,430,iii
306,aggron,70,110,180,60,60,50,530,iii
307,meditite,30,40,55,40,55,60,280,iii
308,medicham,60,60,75,60,75,80,410,iii
309,electrike,40,45,40,65,40,65,295,iii
310,manectric,70,75,60,105,60,105,475,iii
311,plusle,60,50,40,85,75,95,405,iii
312,minun,60,40,50,75,85,95,405,iii
313,volbeat,65,73,75,47,85,85,430,iii
314,illumise,65,47,75,73,85,85,430,iii
315,roselia,50,60,45,100,80,65,400,iii
316,gulpin,70,43,53,43,53,40,302,iii
317,swalot,100,73,83,73,83,55,467,iii
318,carvanha,45,90,20,65,20,65,305,iii
319,sharpedo,70,120,40,95,40,95,460,iii
320,wailmer,130,70,35,70,35,60,400,iii
321,wailord,170,90,45,90,45,60,500,iii
322,numel,60,60,40,65,45,35,305,iii
323,camerupt,70,100,70,105,75,40,460,iii
324,torkoal,70,85,140,85,70,20,470,iii
325,spoink,60,25,35,70,80,60,330,iii
326,grumpig,80,45,65,90,110,80,470,iii
327,spinda,60,60,60,60,60,60,360,iii
328,trapinch,45,100,45,45,45,10,290,iii
329,vibrava,50,70,50,50,50,70,340,iii
330,flygon,80,100,80,80,80,100,520,iii
331,cacnea,50,85,40,85,40,35,335,iii
332,cacturne,70,115,60,115,60,55,475,iii
333,swablu,45,40,60,40,75,50,310,iii
334,altaria,75,70,90,70,105,80,490,iii
335,zangoose,73,115,60,60,60,90,458,iii
336,seviper,73,100,60,100,60,65,458,iii
337,lunatone,90,55,65,95,85,70,460,iii
338,solrock,90,95,85,55,65,70,460,iii
339,barboach,50,48,43,46,41,60,288,iii
340,whiscash,110,78,73,76,71,60,468,iii
341,corphish,43,80,65,50,35,35,308,iii
342,crawdaunt,63,120,85,90,55,55,468,iii
343,baltoy,40,40,55,40,70,55,300,iii
344,claydol,60,70,105,70,120,75,500,iii
345,lileep,66,41,77,61,87,23,355,iii
346,cradily,86,81,97,81,107,43,495,iii
347,anorith,45,95,50,40,50,75,355,iii
348,armaldo,75,125,100,70,80,45,495,iii
349,feebas,20,15,20,10,55,80,200,iii
350,milotic,95,60,79,100,125,81,540,iii
351,castform,70,70,70,70,70,70,420,iii
352,kecleon,60,90,70,60,120,40,440,iii
353,shuppet,44,75,35,63,33,45,295,iii
354,banette,64,115,65,83,63,65,455,iii
355,duskull,20,40,90,30,90,25,295,iii
356,dusclops,40,70,130,60,130,25,455,iii
357,tropius,99,68,83,72,87,51,460,iii
358,chimecho,75,50,80,95,90,65,455,iii
359,absol,65,130,60,75,60,75,465,iii
360,wynaut,95,23,48,23,48,23,260,iii
361,snorunt,50,50,50,50,50,50,300,iii
362,glalie,80,80,80,80,80,80,480,iii
363,spheal,70,40,50,55,50,25,290,iii
364,sealeo,90,60,70,75,70,45,410,iii
365,walrein,110,80,90,95,90,65,530,iii
366,clamperl,35,64,85,74,55,32,345,iii
367,huntail,55,104,105,94,75,52,485,iii
368,gorebyss,55,84,105,114,75,52,485,iii
369,relicanth,100,90,130,45,65,55,485,iii
370,luvdisc,43,30,55,40,65,97,330,iii
371,bagon,45,75,60,40,30,50,300,iii
372,shelgon,65,95,100,60,50,50,420,iii
373,salamence,95,135,80,110,80,100,600,iii
374,beldum,40,55,80,35,60,30,300,iii
375,metang,60,75,100,55,80,50,420,iii
376,metagross,80,135,130,95,90,70,600,iii
377,regirock,80,100,200,50,100,50,580,iii
378,regice,80,50,100,100,200,50,580,iii
379,registeel,80,75,150,75,150,50,580,iii
380,latias,80,80,90,110,130,110,600,iii
381,latios,80,90,80,130,110,110,600,iii
382,kyogre,100,100,90,150,140,90,670,iii
383,groudon,100,150,140,100,90,90,670,iii
384,rayquaza,105,150,90,150,90,95,680,iii
385,jirachi,100,100,100,100,100,100,600,iii
386,deoxys-normal,50,150,50,150,50,150,600,iii
387,turtwig,55,68,64,45,55,31,318,iv
388,grotle,75,89,85,55,65,36,405,iv
389,torterra,95,109,105,75,85,56,525,iv
390,chimchar,44,58,44,58,44,61,309,iv
391,monferno,64,78,52,78,52,81,405,iv
392,infernape,76,104,71,104,71,108,534,iv
393,piplup,53,51,53,61,56,40,314,iv
394,prinplup,64,66,68,81,76,50,405,iv
395,empoleon,84,86,88,111,101,60,530,iv
396,starly,40,55,30,30,30,60,245,iv
397,staravia,55,75,50,40,40,80,340,iv
398,staraptor,85,120,70,50,60,100,485,iv
399,bidoof,59,45,40,35,40,31,250,iv
400,bibarel,79,85,60,55,60,71,410,iv
401,kricketot,37,25,41,25,41,25,194,iv
402,kricketune,77,85,51,55,51,65,384,iv
403,shinx,45,65,34,40,34,45,263,iv
404,luxio,60,85,49,60,49,60,363,iv
405,luxray,80,120,79,95,79,70,523,iv
406,budew,40,30,35,50,70,55,280,iv
407,roserade,60,70,65,125,105,90,515,iv
408,cranidos,67,125,40,30,30,58,350,iv
409,rampardos,97,165,60,65,50,58,495,iv
410,shieldon,30,42,118,42,88,30,350,iv
411,bastiodon,60,52,168,47,138,30,495,iv
412,burmy,40,29,45,29,45,36,224,iv
413,wormadam-plant,60,59,85,79,105,36,424,iv
414,mothim,70,94,50,94,50,66,424,iv
415,combee,30,30,42,30,42,70,244,iv
416,vespiquen,70,80,102,80,102,40,474,iv
417,pachirisu,60,45,70,45,90,95,405,iv
418,buizel,55,65,35,60,30,85,330,iv
419,floatzel,85,105,55,85,50,115,495,iv
420,cherubi,45,35,45,62,53,35,275,iv
421,cherrim,70,60,70,87,78,85,450,iv
422,shellos,76,48,48,57,62,34,325,iv
423,gastrodon,111,83,68,92,82,39,475,iv
424,ambipom,75,100,66,60,66,115,482,iv
425,drifloon,90,50,34,60,44,70,348,iv
426,drifblim,150,80,44,90,54,80,498,iv
427,buneary,55,66,44,44,56,85,350,iv
428,lopunny,65,76,84,54,96,105,480,iv
429,mismagius,60,60,60,105,105,105,495,iv
430,honchkrow,100,125,52,105,52,71,505,iv
431,glameow,49,55,42,42,37,85,310,iv
432,purugly,71,82,64,64,59,112,452,iv
433,chingling,45,30,50,65,50,45,285,iv
434,stunky,63,63,47,41,41,74,329,iv
435,skuntank,103,93,67,71,61,84,479,iv
436,bronzor,57,24,86,24,86,23,300,iv
437,bronzong,67,89,116,79,116,33,500,iv
438,bonsly,50,80,95,10,45,10,290,iv
439,mime-jr,20,25,45,70,90,60,310,iv
440,happiny,100,5,5,15,65,30,220,iv
441,chatot,76,65,45,92,42,91,411,iv
442,spiritomb,50,92,108,92,108,35,485,iv
443,gible,58,70,45,40,45,42,300,iv
444,gabite,68,90,65,50,55,82,410,iv
445,garchomp,108,130,95,80,85,102,600,iv
446,munchlax,135,85,40,40,85,5,390,iv
447,riolu,40,70,40,35,40,60,285,iv
448,lucario,70,110,70,115,70,90,525,iv
449,hippopotas,68,72,78,38,42,32,330,iv
450,hippowdon,108,112,118,68,72,47,525,iv
451,skorupi,40,50,90,30,55,65,330,iv
452,drapion,70,90,110,60,75,95,500,iv
453,croagunk,48,61,40,61,40,50,300,iv
454,toxicroak,83,106,65,86,65,85,490,iv
455,carnivine,74,100,72,90,72,46,454,iv
456,finneon,49,49,56,49,61,66,330,iv
457,lumineon,69,69,76,69,86,91,460,iv
458,mantyke,45,20,50,60,120,50,345,iv
459,snover,60,62,50,62,60,40,334,iv
460,abomasnow,90,92,75,92,85,60,494,iv
461,weavile,70,120,65,45,85,125,510,iv
462,magnezone,70,70,115,130,90,60,535,iv
463,lickilicky,110,85,95,80,95,50,515,iv
464,rhyperior,115,140,130,55,55,40,535,iv
465,tangrowth,100,100,125,110,50,50,535,iv
466,electivire,75,123,67,95,85,95,540,iv
467,magmortar,75,95,67,125,95,83,540,iv
468,togekiss,85,50,95,120,115,80,545,iv
469,yanmega,86,76,86,116,56,95,515,iv
470,leafeon,65,110,130,60,65,95,525,iv
471,glaceon,65,60,110,130,95,65,525,iv
472,gliscor,75,95,125,45,75,95,510,iv
473,mamoswine,110,130,80,70,60,80,530,iv
474,porygon-z,85,80,70,135,75,90,535,iv
475,gallade,68,125,65,65,115,80,518,iv
476,probopass,60,55,145,75,150,40,525,iv
477,dusknoir,45,100,135,65,135,45,525,iv
478,froslass,70,80,70,80,70,110,480,iv
479,rotom,50,50,77,95,77,91,440,iv
480,uxie,75,75,130,75,130,95,580,iv
481,mesprit,80,105,105,105,105,80,580,iv
482,azelf,75,125,70,125,70,115,580,iv
483,dialga,100,120,120,150,100,90,680,iv
484,palkia,90,120,100,150,120,100,680,iv
485,heatran,91,90,106,130,106,77,600,iv
486,regigigas,110,160,110,80,110,100,670,iv
487,giratina-altered,150,100,120,100,120,90,680,iv
488,cresselia,120,70,110,75,120,85,580,iv
489,phione,80,80,80,80,80,80,480,iv
490,manaphy,100,100,100,100,100,100,600,iv
491,darkrai,70,90,90,135,90,125,600,iv
492,shaymin-land,100,100,100,100,100,100,600,iv
493,arceus,120,120,120,120,120,120,720,iv
494,victini,100,100,100,100,100,100,600,v
495,snivy,45,45,55,45,55,63,308,v
496,servine,60,60,75,60,75,83,413,v
497,serperior,75,75,95,75,95,113,528,v
498,tepig,65,63,45,45,45,45,308,v
499,pignite,90,93,55,70,55,55,418,v
500,emboar,110,123,65,100,65,65,528,v
501,oshawott,55,55,45,63,45,45,308,v
502,dewott,75,75,60,83,60,60,413,v
503,samurott,95,100,85,108,70,70,528,v
504,patrat,45,55,39,35,39,42,255,v
505,watchog,60,85,69,60,69,77,420,v
506,lillipup,45,60,45,25,45,55,275,v
507,herdier,65,80,65,35,65,60,370,v
508,stoutland,85,110,90,45,90,80,500,v
509,purrloin,41,50,37,50,37,66,281,v
510,liepard,64,88,50,88,50,106,446,v
511,pansage,50,53,48,53,48,64,316,v
512,simisage,75,98,63,98,63,101,498,v
513,pansear,50,53,48,53,48,64,316,v
514,simisear,75,98,63,98,63,101,498,v
515,panpour,50,53,48,53,48,64,316,v
516,simipour,75,98,63,98,63,101,498,v
517,munna,76,25,45,67,55,24,292,v
518,musharna,116,55,85,107,95,29,487,v
519,pidove,50,55,50,36,30,43,264,v
520,tranquill,62,77,62,50,42,65,358,v
521,unfezant,80,115,80,65,55,93,488,v
522,blitzle,45,60,32,50,32,76,295,v
523,zebstrika,75,100,63,80,63,116,497,v
524,roggenrola,55,75,85,25,25,15,280,v
525,boldore,70,105,105,50,40,20,390,v
526,gigalith,85,135,130,60,80,25,515,v
527,woobat,65,45,43,55,43,72,323,v
528,swoobat,67,57,55,77,55,114,425,v
529,drilbur,60,85,40,30,45,68,328,v
530,excadrill,110,135,60,50,65,88,508,v
531,audino,103,60,86,60,86,50,445,v
532,timburr,75,80,55,25,35,35,305,v
533,gurdurr,85,105,85,40,50,40,405,v
534,conkeldurr,105,140,95,55,65,45,505,v
535,tympole,50,50,40,50,40,64,294,v
536,palpitoad,75,65,55,65,55,69,384,v
537,seismitoad,105,95,75,85,75,74,509,v
538,throh,120,100,85,30,85,45,465,v
539,sawk,75,125,75,30,75,85,465,v
540,sewaddle,45,53,70,40,60,42,310,v
541,swadloon,55,63,90,50,80,42,380,v
542,leavanny,75,103,80,70,80,92,500,v
543,venipede,30,45,59,30,39,57,260,v
544,whirlipede,40,55,99,40,79,47,360,v
545,scolipede,60,100,89,55,69,112,485,v
546,cottonee,40,27,60,37,50,66,280,v
547,whimsicott,60,67,85,77,75,116,480,v
548,petilil,45,35,50,70,50,30,280,v
549,lilligant,70,60,75,110,75,90,480,v
550,basculin-red-striped,70,92,65,80,55,98,460,v
551,sandile,50,72,35,35,35,65,292,v
552,krokorok,60,82,45,45,45,74,351,v
553,krookodile,95,117,80,65,70,92,519,v
554,darumaka,70,90,45,15,45,50,315,v
555,darmanitan-standard,105,140,55,30,55,95,480,v
556,maractus,75,86,67,106,67,60,461,v
557,dwebble,50,65,85,35,35,55,325,v
558,crustle,70,105,125,65,75,45,485,v
559,scraggy,50,75,70,35,70,48,348,v
560,scrafty,65,90,115,45,115,58,488,v
561,sigilyph,72,58,80,103,80,97,490,v
562,yamask,38,30,85,55,65,30,303,v
563,cofagrigus,58,50,145,95,105,30,483,v
564,tirtouga,54,78,103,53,45,22,355,v
565,carracosta,74,108,133,83,65,32,495,v
566,archen,55,112,45,74,45,70,401,v
567,archeops,75,140,65,112,65,110,567,v
568,trubbish,50,50,62,40,62,65,329,v
569,garbodor,80,95,82,60,82,75,474,v
570,zorua,40,65,40,80,40,65,330,v
571,zoroark,60,105,60,120,60,105,510,v
572,minccino,55,50,40,40,40,75,300,v
573,cinccino,75,95,60,65,60,115,470,v
574,gothita,45,30,50,55,65,45,290,v
575,gothorita,60,45,70,75,85,55,390,v
576,gothitelle,70,55,95,95,110,65,490,v
577,solosis,45,30,40,105,50,20,290,v
578,duosion,65,40,50,125,60,30,370,v
579,reuniclus,110,65,75,125,85,30,490,v
580,ducklett,62,44,50,44,50,55,305,v
581,swanna,75,87,63,87,63,98,473,v
582,vanillite,36,50,50,65,60,44,305,v
583,vanillish,51,65,65,80,75,59,395,v
584,vanilluxe,71,95,85,110,95,79,535,v
585,deerling,60,60,50,40,50,75,335,v
586,sawsbuck,80,100,70,60,70,95,475,v
587,emolga,55,75,60,75,60,103,428,v
588,karrablast,50,75,45,40,45,60,315,v
589,escavalier,70,135,105,60,105,20,495,v
590,foongus,69,55,45,55,55,15,294,v
591,amoonguss,114,85,70,85,80,30,464,v
592,frillish,55,40,50,65,85,40,335,v
593,jellicent,100,60,70,85,105,60,480,v
594,alomomola,165,75,80,40,45,65,470,v
595,joltik,50,47,50,57,50,65,319,v
596,galvantula,70,77,60,97,60,108,472,v
597,ferroseed,44,50,91,24,86,10,305,v
598,ferrothorn,74,94,131,54,116,20,489,v
599,klink,40,55,70,45,60,30,300,v
600,klang,60,80,95,70,85,50,440,v
601,klinklang,60,100,115,70,85,90,520,v
602,tynamo,35,55,40,45,40,60,275,v
603,eelektrik,65,85,70,75,70,40,405,v
604,eelektross,85,115,80,105,80,50,515,v
605,elgyem,55,55,55,85,55,30,335,v
606,beheeyem,75,75,75,125,95,40,485,v
607,litwick,50,30,55,65,55,20,275,v
608,lampent,60,40,60,95,60,55,370,v
609,chandelure,60,55,90,145,90,80,520,v
610,axew,46,87,60,30,40,57,320,v
611,fraxure,66,117,70,40,50,67,410,v
612,haxorus,76,147,90,60,70,97,540,v
613,cubchoo,55,70,40,60,40,40,305,v
614,beartic,95,130,80,70,80,50,505,v
615,cryogonal,80,50,50,95,135,105,515,v
616,shelmet,50,40,85,40,65,25,305,v
617,accelgor,80,70,40,100,60,145,495,v
618,stunfisk,109,66,84,81,99,32,471,v
619,mienfoo,45,85,50,55,50,65,350,v
620,mienshao,65,125,60,95,60,105,510,v
621,druddigon,77,120,90,60,90,48,485,v
622,golett,59,74,50,35,50,35,303,v
623,golurk,89,124,80,55,80,55,483,v
624,pawniard,45,85,70,40,40,60,340,v
625,bisharp,65,125,100,60,70,70,490,v
626,bouffalant,95,110,95,40,95,55,490,v
627,rufflet,70,83,50,37,50,60,350,v
628,braviary,100,123,75,57,75,80,510,v
629,vullaby,70,55,75,45,65,60,370,v
630,mandibuzz,110,65,105,55,95,80,510,v
631,heatmor,85,97,66,105,66,65,484,v
632,durant,58,109,112,48,48,109,484,v
633,deino,52,65,50,45,50,38,300,v
634,zweilous,72,85,70,65,70,58,420,v
635,hydreigon,92,105,90,125,90,98,600,v
636,larvesta,55,85,55,50,55,60,360,v
637,volcarona,85,60,65,135,105,100,550,v
638,cobalion,91,90,129,90,72,108,580,v
639,terrakion,91,129,90,72,90,108,580,v
640,virizion,91,90,72,90,129,108,580,v
641,tornadus-incarnate,79,115,70,125,80,111,580,v
642,thundurus-incarnate,79,115,70,125,80,111,580,v
643,reshiram,100,120,100,150,120,90,680,v
644,zekrom,100,150,120,120,100,90,680,v
645,landorus-incarnate,89,125,90,115,80,101,600,v
646,kyurem,125,130,90,130,90,95,660,v
647,keldeo-ordinary,91,72,90,129,90,108,580,v
648,meloetta-aria,100,77,77,128,128,90,600,v
649,genesect,71,120,95,120,95,99,600,v
650,chespin,56,61,65,48,45,38,313,vi
651,quilladin,61,78,95,56,58,57,405,vi
652,chesnaught,88,107,122,74,75,64,530,vi
653,fennekin,40,45,40,62,60,60,307,vi
654,braixen,59,59,58,90,70,73,409,vi
655,delphox,75,69,72,114,100,104,534,vi
656,froakie,41,56,40,62,44,71,314,vi
657,frogadier,54,63,52,83,56,97,405,vi
658,greninja,72,95,67,103,71,122,530,vi
659,bunnelby,38,36,38,32,36,57,237,vi
660,diggersby,85,56,77,50,77,78,423,vi
661,fletchling,45,50,43,40,38,62,278,vi
662,fletchinder,62,73,55,56,52,84,382,vi
663,talonflame,78,81,71,74,69,126,499,vi
664,scatterbug,38,35,40,27,25,35,200,vi
665,spewpa,45,22,60,27,30,29,213,vi
666,vivillon,80,52,50,90,50,89,411,vi
667,litleo,62,50,58,73,54,72,369,vi
668,pyroar,86,68,72,109,66,106,507,vi
669,flabebe,44,38,39,61,79,42,303,vi
670,floette,54,45,47,75,98,52,371,vi
671,florges,78,65,68,112,154,75,552,vi
672,skiddo,66,65,48,62,57,52,350,vi
673,gogoat,123,100,62,97,81,68,531,vi
674,pancham,67,82,62,46,48,43,348,vi
675,pangoro,95,124,78,69,71,58,495,vi
676,furfrou,75,80,60,65,90,102,472,vi
677,espurr,62,48,54,63,60,68,355,vi
678,meowstic-male,74,48,76,83,81,104,466,vi
679,honedge,45,80,100,35,37,28,325,vi
680,doublade,59,110,150,45,49,35,448,vi
681,aegislash-shield,60,50,140,50,140,60,500,vi
682,spritzee,78,52,60,63,65,23,341,vi
683,aromatisse,101,72,72,99,89,29,462,vi
684,swirlix,62,48,66,59,57,49,341,vi
685,slurpuff,82,80,86,85,75,72,480,vi
686,inkay,53,54,53,37,46,45,288,vi
687,malamar,86,92,88,68,75,73,482,vi
688,binacle,42,52,67,39,56,50,306,vi
689,barbaracle,72,105,115,54,86,68,500,vi
690,skrelp,50,60,60,60,60,30,320,vi
691,dragalge,65,75,90,97,123,44,494,vi
692,clauncher,50,53,62,58,63,44,330,vi
693,clawitzer,71,73,88,120,89,59,500,vi
694,helioptile,44,38,33,61,43,70,289,vi
695,heliolisk,62,55,52,109,94,109,481,vi
696,tyrunt,58,89,77,45,45,48,362,vi
697,tyrantrum,82,121,119,69,59,71,521,vi
698,amaura,77,59,50,67,63,46,362,vi
699,aurorus,123,77,72,99,92,58,521,vi
700,sylveon,95,65,65,110,130,60,525,vi
701,hawlucha,78,92,75,74,63,118,500,vi
702,dedenne,67,58,57,81,67,101,431,vi
703,carbink,50,50,150,50,150,50,500,vi
704,goomy,45,50,35,55,75,40,300,vi
705,sliggoo,68,75,53,83,113,60,452,vi
706,goodra,90,100,70,110,150,80,600,vi
707,klefki,57,80,91,80,87,75,470,vi
708,phantump,43,70,48,50,60,38,309,vi
709,trevenant,85,110,76,65,82,56,474,vi
710,pumpkaboo-average,49,66,70,44,55,51,335,vi
711,gourgeist-average,65,90,122,58,75,84,494,vi
712,bergmite,55,69,85,32,35,28,304,vi
713,avalugg,95,117,184,44,46,28,514,vi
714,noibat,40,30,35,45,40,55,245,vi
715,noivern,85,70,80,97,80,123,535,vi
716,xerneas,126,131,95,131,98,99,680,vi
717,yveltal,126,131,95,131,98,99,680,vi
718,zygarde-50,108,100,121,81,95,95,600,vi
719,diancie,50,100,150,100,150,50,600,vi
720,hoopa,80,110,60,150,130,70,600,vi
721,volcanion,80,110,120,130,90,70,600,vi
722,rowlet,68,55,55,50,50,42,320,vii
723,dartrix,78,75,75,70,70,52,420,vii
724,decidueye,78,107,75,100,100,70,530,vii
725,litten,45,65,40,60,40,70,320,vii
726,torracat,65,85,50,80,50,90,420,vii
727,incineroar,95,115,90,80,90,60,530,vii
728,popplio,50,54,54,66,56,40,320,vii
729,brionne,60,69,69,91,81,50,420,vii
730,primarina,80,74,74,126,116,60,530,vii
731,pikipek,35,75,30,30,30,65,265,vii
732,trumbeak,55,85,50,40,50,75,355,vii
733,toucannon,80,120,75,75,75,60,485,vii
734,yungoos,48,70,30,30,30,45,253,vii
735,gumshoos,88,110,60,55,60,45,418,vii
736,grubbin,47,62,45,55,45,46,300,vii
737,charjabug,57,82,95,55,75,36,400,vii
738,vikavolt,77,70,90,145,75,43,500,vii
739,crabrawler,47,82,57,42,47,63,338,vii
740,crabominable,97,132,77,62,67,43,478,vii
741,oricorio-baile,75,70,70,98,70,93,476,vii
742,cutiefly,40,45,40,55,40,84,304,vii
743,ribombee,60,55,60,95,70,124,464,vii
744,rockruff,45,65,40,30,40,60,280,vii
745,lycanroc-midday,75,115,65,55,65,112,487,vii
746,wishiwashi-solo,45,20,20,25,25,40,175,vii
747,mareanie,50,53,62,43,52,45,305,vii
748,toxapex,50,63,152,53,142,35,495,vii
749,mudbray,70,100,70,45,55,45,385,vii
750,mudsdale,100,125,100,55,85,35,500,vii
751,dewpider,38,40,52,40,72,27,269,vii
752,araquanid,68,70,92,50,132,42,454,vii
753,fomantis,40,55,35,50,35,35,250,vii
754,lurantis,70,105,90,80,90,45,480,vii
755,morelull,40,35,55,65,75,15,285,vii
756,shiinotic,60,45,80,90,100,30,405,vii
757,salandit,48,44,40,71,40,77,320,vii
758,salazzle,68,64,60,111,60,117,480,vii
759,stufful,70,75,50,45,50,50,340,vii
760,bewear,120,125,80,55,60,60,500,vii
761,bounsweet,42,30,38,30,38,32,210,vii
762,steenee,52,40,48,40,48,62,290,vii
763,tsareena,72,120,98,50,98,72,510,vii
764,comfey,51,52,90,82,110,100,485,vii
765,oranguru,90,60,80,90,110,60,490,vii
766,passimian,100,120,90,40,60,80,490,vii
767,wimpod,25,35,40,20,30,80,230,vii
768,golisopod,75,125,140,60,90,40,530,vii
769,sandygast,55,55,80,70,45,15,320,vii
770,palossand,85,75,110,100,75,35,480,vii
771,pyukumuku,55,60,130,30,130,5,410,vii
772,type-null,95,95,95,95,95,59,534,vii
773,silvally,95,95,95,95,95,95,570,vii
774,minior-red-meteor,60,60,100,60,100,60,440,vii
775,komala,65,115,65,75,95,65,480,vii
776,turtonator,60,78,135,91,85,36,485,vii
777,togedemaru,65,98,63,40,73,96,435,vii
778,mimikyu-disguised,55,90,80,50,105,96,476,vii
779,bruxish,68,105,70,70,70,92,475,vii
780,drampa,78,60,85,135,91,36,485,vii
781,dhelmise,70,131,100,86,90,40,517,vii
782,jangmo-o,45,55,65,45,45,45,300,vii
783,hakamo-o,55,75,90,65,70,65,420,vii
784,kommo-o,75,110,125,100,105,85,600,vii
785,tapu-koko,70,115,85,95,75,130,570,vii
786,tapu-lele,70,85,75,130,115,95,570,vii
787,tapu-bulu,70,130,115,85,95,75,570,vii
788,tapu-fini,70,75,115,95,130,85,570,vii
789,cosmog,43,29,31,29,31,37,200,vii
790,cosmoem,43,29,131,29,131,37,400,vii
791,solgaleo,137,137,107,113,89,97,680,vii
792,lunala,137,113,89,137,107,97,680,vii
793,nihilego,109,53,47,127,131,103,570,vii
794,buzzwole,107,139,139,53,53,79,570,vii
795,pheromosa,71,137,37,137,37,151,570,vii
796,xurkitree,83,89,71,173,71,83,570,vii
797,celesteela,97,101,103,107,101,61,570,vii
798,kartana,59,181,131,59,31,109,570,vii
799,guzzlord,223,101,53,97,53,43,570,vii
800,necrozma,97,107,101,127,89,79,600,vii
801,magearna,80,95,115,130,115,65,600,vii
802,marshadow,90,125,80,90,90,125,600,vii
803,poipole,67,73,67,73,67,73,420,vii
804,naganadel,73,73,73,127,73,121,540,vii
805,stakataka,61,131,211,53,101,13,570,vii
806,blacephalon,53,127,53,151,79,107,570,vii
807,zeraora,88,112,75,102,80,143,600,vii
808,meltan,46,65,65,55,35,34,300,vii
809,melmetal,135,143,143,80,65,34,600,vii
810,grookey,50,65,50,40,40,65,310,viii
811,thwackey,70,85,70,55,60,80,420,viii
812,rillaboom,100,125,90,60,70,85,530,viii
813,scorbunny,50,71,40,40,40,69,310,viii
814,raboot,65,86,60,55,60,94,420,viii
815,cinderace,80,116,75,65,75,119,530,viii
816,sobble,50,40,40,70,40,70,310,viii
817,drizzile,65,60,55,95,55,90,420,viii
818,inteleon,70,85,65,125,65,120,530,viii
819,skwovet,70,55,55,35,35,25,275,viii
820,greedent,120,95,95,55,75,20,460,viii
821,rookidee,38,47,35,33,35,57,245,viii
822,corvisquire,68,67,55,43,55,77,365,viii
823,corviknight,98,87,105,53,85,67,495,viii
824,blipbug,25,20,20,25,45,45,180,viii
825,dottler,50,35,80,50,90,30,335,viii
826,orbeetle,60,45,110,80,120,90,505,viii
827,nickit,40,28,28,47,52,50,245,viii
828,thievul,70,58,58,87,92,90,455,viii
829,gossifleur,40,40,60,40,60,10,250,viii
830,eldegoss,60,50,90,80,120,60,460,viii
831,wooloo,42,40,55,40,45,48,270,viii
832,dubwool,72,80,100,60,90,88,490,viii
833,chewtle,50,64,50,38,38,44,284,viii
834,drednaw,90,115,90,48,68,74,485,viii
835,yamper,59,45,50,40,50,26,270,viii
836,boltund,69,90,60,90,60,121,490,viii
837,rolycoly,30,40,50,40,50,30,240,viii
838,carkol,80,60,90,60,70,50,410,viii
839,coalossal,110,80,120,80,90,30,510,viii
840,applin,40,40,80,40,40,20,260,viii
841,flapple,70,110,80,95,60,70,485,viii
842,appletun,110,85,80,100,80,30,485,viii
843,silicobra,52,57,75,35,50,46,315,viii
844,sandaconda,72,107,125,65,70,71,510,viii
845,cramorant,70,85,55,85,95,85,475,viii
846,arrokuda,41,63,40,40,30,66,280,viii
847,barraskewda,61,123,60,60,50,136,490,viii
848,toxel,40,38,35,54,35,40,242,viii
849,toxtricity-amped,75,98,70,114,70,75,502,viii
850,sizzlipede,50,65,45,50,50,45,305,viii
851,centiskorch,100,115,65,90,90,65,525,viii
852,clobbopus,50,68,60,50,50,32,310,viii
853,grapploct,80,118,90,70,80,42,480,viii
854,sinistea,40,45,45,74,54,50,308,viii
855,polteageist,60,65,65,134,114,70,508,viii
856,hatenna,42,30,45,56,53,39,265,viii
857,hattrem,57,40,65,86,73,49,370,viii
858,hatterene,57,90,95,136,103,29,510,viii
859,impidimp,45,45,30,55,40,50,265,viii
860,morgrem,65,60,45,75,55,70,370,viii
861,grimmsnarl,95,120,65,95,75,60,510,viii
862,obstagoon,93,90,101,60,81,95,520,viii
863,perrserker,70,110,100,50,60,50,440,viii
864,cursola,60,95,50,145,130,30,510,viii
865,sirfetchd,62,135,95,68,82,65,507,viii
866,mr-rime,80,85,75,110,100,70,520,viii
867,runerigus,58,95,145,50,105,30,483,viii
868,milcery,45,40,40,50,61,34,270,viii
869,alcremie,65,60,75,110,121,64,495,viii
870,falinks,65,100,100,70,60,75,470,viii
871,pincurchin,48,101,95,91,85,15,435,viii
872,snom,30,25,35,45,30,20,185,viii
873,frosmoth,70,65,60,125,90,65,475,viii
874,stonjourner,100,125,135,20,20,70,470,viii
875,eiscue-ice,75,80,110,65,90,50,470,viii
876,indeedee-male,60,65,55,105,95,95,475,viii
877,morpeko-full-belly,58,95,58,70,58,97,436,viii
878,cufant,72,80,49,40,49,40,330,viii
879,copperajah,122,130,69,80,69,30,500,viii
880,dracozolt,90,100,90,80,70,75,505,viii
881,arctozolt,90,100,90,90,80,55,505,viii
882,dracovish,90,90,100,70,80,75,505,viii
883,arctovish,90,90,100,80,90,55,505,viii
884,duraludon,70,95,115,120,50,85,535,viii
885,dreepy,28,60,30,40,30,82,270,viii
886,drakloak,68,80,50,60,50,102,410,viii
887,dragapult,88,120,75,100,75,142,600,viii
888,zacian,92,120,115,80,115,138,660,viii
889,zamazenta,92,120,115,80,115,138,660,viii
890,eternatus,140,85,95,145,95,130,690,viii
891,kubfu,60,90,60,53,50,72,385,viii
892,urshifu-single-strike,100,130,100,63,60,97,550,viii
893,zarude,105,120,105,70,95,105,600,viii
894,regieleki,80,100,50,100,50,200,580,viii
895,regidrago,200,100,50,100,50,80,580,viii
896,glastrier,100,145,130,65,110,30,580,viii
897,spectrier,100,65,60,145,80,130,580,viii
898,calyrex,100,80,80,80,80,80,500,viii
899,wyrdeer,103,105,72,105,75,65,525,viii
900,kleavor,70,135,95,45,70,85,500,viii
901,ursaluna,130,140,105,45,80,50,550,viii
902,basculegion-male,120,112,65,80,75,78,530,viii
903,sneasler,80,130,60,40,80,120,510,viii
904,overqwil,85,115,95,65,65,85,510,viii
905,enamorus-incarnate,74,115,70,135,80,106,580,viii
906,sprigatito,40,61,54,45,45,65,310,ix
907,floragato,61,80,63,60,63,83,410,ix
908,meowscarada,76,110,70,81,70,123,530,ix
909,fuecoco,67,45,59,63,40,36,310,ix
910,crocalor,81,55,78,90,58,49,411,ix
911,skeledirge,104,75,100,110,75,66,530,ix
912,quaxly,55,65,45,50,45,50,310,ix
913,quaxwell,70,85,65,65,60,65,410,ix
914,quaquaval,85,120,80,85,75,85,530,ix
915,lechonk,54,45,40,35,45,35,254,ix
916,oinkologne-male,110,100,75,59,80,65,489,ix
917,tarountula,35,41,45,29,40,20,210,ix
918,spidops,60,79,92,52,86,35,404,ix
919,nymble,33,46,40,21,25,45,210,ix
920,lokix,71,102,78,52,55,92,450,ix
921,pawmi,45,50,20,40,25,60,240,ix
922,pawmo,60,75,40,50,40,85,350,ix
923,pawmot,70,115,70,70,60,105,490,ix
924,tandemaus,50,50,45,40,45,75,305,ix
925,maushold-family-of-four,74,75,70,65,75,111,470,ix
926,fidough,37,55,70,30,55,65,312,ix
927,dachsbun,57,80,115,50,80,95,477,ix
928,smoliv,41,35,45,58,51,30,260,ix
929,dolliv,52,53,60,78,78,33,354,ix
930,arboliva,78,69,90,125,109,39,510,ix
931,squawkabilly-green-plumage,82,96,51,45,51,92,417,ix
932,nacli,55,55,75,35,35,25,280,ix
933,naclstack,60,60,100,35,65,35,355,ix
934,garganacl,100,100,130,45,90,35,500,ix
935,charcadet,40,50,40,50,40,35,255,ix
936,armarouge,85,60,100,125,80,75,525,ix
937,ceruledge,75,125,80,60,100,85,525,ix
938,tadbulb,61,31,41,59,35,45,272,ix
939,bellibolt,109,64,91,103,83,45,495,ix
940,wattrel,40,40,35,55,40,70,280,ix
941,kilowattrel,70,70,60,105,60,125,490,ix
942,maschiff,60,78,60,40,51,51,340,ix
943,mabosstiff,80,120,90,60,70,85,505,ix
944,shroodle,40,65,35,40,35,75,290,ix
945,grafaiai,63,95,65,80,72,110,485,ix
946,bramblin,40,65,30,45,35,60,275,ix
947,brambleghast,55,115,70,80,70,90,480,ix
948,toedscool,40,40,35,50,100,70,335,ix
949,toedscruel,80,70,65,80,120,100,515,ix
950,klawf,70,100,115,35,55,75,450,ix
951,capsakid,50,62,40,62,40,50,304,ix
952,scovillain,65,108,65,108,65,75,486,ix
953,rellor,41,50,60,31,58,30,270,ix
954,rabsca,75,50,85,115,100,45,470,ix
955,flittle,30,35,30,55,30,75,255,ix
956,espathra,95,60,60,101,60,105,481,ix
957,tinkatink,50,45,45,35,64,58,297,ix
958,tinkatuff,65,55,55,45,82,78,380,ix
959,tinkaton,85,75,77,70,105,94,506,ix
960,wiglett,10,55,25,35,25,95,245,ix
961,wugtrio,35,100,50,50,70,120,425,ix
962,bombirdier,70,103,85,60,85,82,485,ix
963,finizen,70,45,40,45,40,75,315,ix
964,palafin-zero,100,70,72,53,62,100,457,ix
965,varoom,45,70,63,30,45,47,300,ix
966,revavroom,80,119,90,54,67,90,500,ix
967,cyclizar,70,95,65,85,65,121,501,ix
968,orthworm,70,85,145,60,55,65,480,ix
969,glimmet,48,35,42,105,60,60,350,ix
970,glimmora,83,55,90,130,81,86,525,ix
971,greavard,50,61,60,30,55,34,290,ix
972,houndstone,72,101,100,50,97,68,488,ix
973,flamigo,82,115,74,75,64,90,500,ix
974,cetoddle,108,68,45,30,40,43,334,ix
975,cetitan,170,113,65,45,55,73,521,ix
976,veluza,90,102,73,78,65,70,478,ix
977,dondozo,150,100,115,65,65,35,530,ix
978,tatsugiri-curly,68,50,60,120,95,82,475,ix
979,annihilape,110,115,80,50,90,90,535,ix
980,clodsire,130,75,60,45,100,20,430,ix
981,farigiraf,120,90,70,110,70,60,520,ix
982,dudunsparce-two-segment,125,100,80,85,75,55,520,ix
983,kingambit,100,135,120,60,85,50,550,ix
984,great-tusk,115,131,131,53,53,87,570,ix
985,scream-tail,115,65,99,65,115,111,570,ix
986,brute-bonnet,111,127,99,79,99,55,570,ix
987,flutter-mane,55,55,55,135,135,135,570,ix
988,slither-wing,85,135,79,85,105,81,570,ix
989,sandy-shocks,85,81,97,121,85,101,570,ix
990,iron-treads,90,112,120,72,70,106,570,ix
991,iron-bundle,56,80,114,124,60,136,570,ix
992,iron-hands,154,140,108,50,68,50,570,ix
993,iron-jugulis,94,80,86,122,80,108,570,ix
994,iron-moth,80,70,60,140,110,110,570,ix
995,iron-thorns,100,134,110,70,84,72,570,ix
996,frigibax,65,75,45,35,45,55,320,ix
997,arctibax,90,95,66,45,65,62,423,ix
998,baxcalibur,115,145,92,75,86,87,600,ix
999,gimmighoul,45,30,70,75,70,10,300,ix
1000,gholdengo,87,60,95,133,91,84,550,ix
1001,wo-chien,85,85,100,95,135,70,570,ix
1002,chien-pao,80,120,80,90,65,135,570,ix
1003,ting-lu,155,110,125,55,80,45,570,ix
1004,chi-yu,55,80,80,135,120,100,570,ix
1005,roaring-moon,105,139,71,55,101,119,590,ix
1006,iron-valiant,74,130,90,120,60,116,590,ix
1007,koraidon,100,135,115,85,100,135,670,ix
1008,miraidon,100,85,100,135,115,135,670,ix
1009,walking-wake,99,83,91,125,83,109,590,ix
1010,iron-leaves,90,130,88,70,108,104,590,ix
1011,dipplin,80,80,110,95,80,40,485,ix
1012,poltchageist,40,45,45,74,54,50,308,ix
1013,sinistcha,71,60,106,121,80,70,508,ix
1014,okidogi,88,128,115,58,86,80,555,ix
1015,munkidori,88,75,66,130,90,106,555,ix
1016,fezandipiti,88,91,82,70,125,99,555,ix
1017,ogerpon,80,120,84,60,96,110,550,ix
1018,archaludon,90,105,130,125,65,85,600,ix
1019,hydrapple,106,80,110,120,80,44,540,ix
1020,gouging-fire,105,115,121,65,93,91,590,ix
1021,raging-bolt,125,73,91,137,89,75,590,ix
1022,iron-boulder,90,120,80,68,108,124,590,ix
1023,iron-crown,90,72,100,122,108,98,590,ix
1024,terapagos,90,65,85,65,85,60,450,ix
1025,pecharunt,88,88,160,88,88,88,600,ix
